{
  "hash": "4603b0c1",
  "configHash": "cc76137e",
  "lockfileHash": "7b660d5d",
  "browserHash": "b4a6aa0f",
  "optimized": {
    "@angular/core": {
      "src": "../../../../../../node_modules/@angular/core/fesm2022/core.mjs",
      "file": "@angular_core.js",
      "fileHash": "a28d3edd",
      "needsInterop": false
    },
    "@angular/platform-browser": {
      "src": "../../../../../../node_modules/@angular/platform-browser/fesm2022/platform-browser.mjs",
      "file": "@angular_platform-browser.js",
      "fileHash": "f452d735",
      "needsInterop": false
    },
    "@angular/router": {
      "src": "../../../../../../node_modules/@angular/router/fesm2022/router.mjs",
      "file": "@angular_router.js",
      "fileHash": "8ea29700",
      "needsInterop": false
    }
  },
  "chunks": {
    "chunk-IH25G4OP": {
      "file": "chunk-IH25G4OP.js"
    },
    "chunk-6CZJBBZB": {
      "file": "chunk-6CZJBBZB.js"
    }
  }
}